id,q1,q2,q3,q4,q10a,q10b,q10c,q10d,q10e,q10f,q10g,Q11,Q12,Q13,Q14,Q15,Q16,Q17,PC_1,PC_2,PC_3
884,1,6,5,5,3,2,5,5,4,4,2,40,6,0,9,2,2,1,1.007151532,-0.496749019,1.619500818
881,1,1,#NULL!,2,2,1,3,4,2,1,3,75,8,0,1,1,2,1,-0.05187922408,-2.66550147,0.8265826253
713,1,5,#NULL!,5,3,2,2,4,4,3,2,10,4,0,7,2,2,1,0.4658310235,0.1752395778,-0.1710576721
714,1,6,2,8,4,4,2,4,4,5,2,0,99,0,5,1,2,1,1.620534521,2.36240816,-1.343780482
875,1,1,#NULL!,2,2,1,2,4,1,1,4,5,4,0,1,2,2,1,-0.4431613862,-1.139685883,-0.2020212115
413,1,6,4,6,2,3,4,2,2,2,2,7,2,5,1,1,2,1,-0.9378387572,-0.4615353219,0.8104088812
794,1,6,2,4,2,3,2,2,3,2,2,4,6,10,1,1,2,1,-0.5797662027,-0.1610087737,-0.2452250631
944,1,6,5,8,1,3,4,4,2,5,1,0,2,10,5,1,2,1,-0.422741476,0.3036747225,0.8510736414
945,1,4,#NULL!,5,1,1,1,1,2,1,2,5,6,0,1,2,2,1,-1.379464458,-1.271690916,-1.504034963
1025,1,6,3,6,3,1,2,1,3,1,1,20,8,40,1,1,2,1,-1.053383908,-0.8075690366,-0.982451474
1022,1,6,3,2,3,2,2,2,3,4,4,10,7,0,1,2,2,1,0.5711222178,-0.2562580477,-0.5482302549
911,1,6,5,4,3,2,3,2,2,4,4,35,6,0,11,2,2,1,0.3371008174,-0.9914911371,0.2320943414
842,1,1,#NULL!,2,5,2,1,5,4,4,2,25,4,0,1,1,2,1,1.122370004,0.8313679625,-0.2912736306
844,1,5,#NULL!,6,3,4,5,2,1,2,3,10,6,5,1,2,2,1,-0.836826566,-0.2225030719,1.702155505
893,1,5,1,5,2,1,4,5,4,1,3,3,8,5,5,2,2,1,0.4938856861,-0.8046603463,0.6465112587
894,1,6,1,6,3,1,3,4,5,3,2,5,10,95,1,2,2,1,0.8466936054,0.04743159894,-0.2594211325
1034,1,6,5,2,2,1,2,3,5,3,5,60,9,0,9,2,2,1,1.723026915,-2.233107133,-0.1596158753
1035,1,3,#NULL!,7,4,2,2,4,1,1,2,10,3,0,1,2,2,1,-0.852255847,0.03266696571,0.1351962952
1172,1,6,5,5,1,1,1,2,3,3,3,50,3,0,1,1,2,1,0.0318377437,-2.090234067,-0.8910963667
1174,1,6,5,2,3,1,1,2,5,4,3,20,7,0,1,2,2,1,1.007118667,-0.4106100442,-1.390519151
694,1,6,5,2,2,5,5,3,1,2,2,3,1,0,11,1,2,1,-1.140286409,0.1301527996,2.187775773
1314,1,5,#NULL!,4,2,1,1,4,2,3,2,60,7,0,9,2,1,1,-0.05638108012,-1.609086854,-0.4372203452
231,1,1,#NULL!,2,3,2,4,3,4,4,4,60,7,0,1,2,2,1,1.339687572,-1.489873699,1.064306675
235,1,6,3,4,2,3,3,4,4,2,1,10,6,50,1,1,2,1,-0.1327378395,0.05342982244,0.5898073824
551,1,6,5,5,3,1,2,5,2,2,1,10,7,0,1,2,2,1,-0.4925114483,-0.01515838236,-0.2701831384
552,1,6,5,5,3,4,5,5,2,4,3,5,6,0,1,1,2,1,0.4413492423,0.6033908667,2.087610252
555,1,6,2,6,2,1,4,3,4,2,2,10,7,50,1,1,2,1,0.01870224101,-0.827314263,0.1865870251
132,1,6,3,3,1,2,4,2,3,1,2,20,8,0,1,1,1,1,-0.7690260283,-1.456915258,0.507846405
1145,1,6,2,4,2,3,5,5,5,5,5,15,8,15,1,1,2,1,2.251274803,-0.3040791032,1.718538588
483,1,6,2,6,3,2,1,2,1,1,1,7,7,5,1,2,2,1,-1.630109142,-0.1349702623,-0.922335861
481,1,6,3,6,1,2,4,1,4,3,4,5,7,70,1,1,2,1,0.3051962235,-1.196265955,0.09453665256
482,1,4,#NULL!,5,2,1,3,4,5,5,5,50,7,0,1,2,1,1,2.237304701,-1.628130706,0.2882725309
545,1,5,5,5,1,2,2,2,1,3,3,10,4,0,11,1,2,1,-0.8435056026,-1.005137569,-0.4462522552
541,1,5,5,5,1,1,2,2,2,2,1,10,7,5,11,2,1,1,-1.272315272,-0.9935237426,-0.9375136489
542,1,6,2,5,1,5,4,2,1,3,3,7,4,15,1,1,1,1,-0.8936978113,-0.3176567022,1.480773221
1692,1,5,5,5,2,1,1,4,5,5,2,15,8,0,5,2,1,1,1.155894674,-0.03663282062,-1.199969282
1605,1,6,3,4,2,1,1,5,1,1,2,40,3,75,9,1,2,1,-0.7150711197,-1.436529906,-0.1855871895
1602,1,6,3,5,2,1,2,4,2,3,2,15,7,5,1,2,2,1,-0.2635046637,-0.5895289115,-0.457761273
1543,1,1,#NULL!,2,2,1,3,5,4,3,1,21,2,0,1,1,2,1,0.2960625196,-0.4806282311,0.2144724442
1544,1,4,#NULL!,2,1,3,2,2,2,3,1,2,3,0,1,2,2,1,-1.174639342,-0.1403208625,-0.3299173204
1624,1,6,5,5,5,3,1,1,1,1,1,20,4,0,5,2,2,1,-1.592825401,0.3398907086,-0.5505036391
573,1,6,6,5,1,3,4,4,2,3,2,1,5,5,1,1,2,1,-0.4698210978,-0.2382276961,1.01764367
575,1,6,6,5,2,3,1,2,2,2,2,10,7,0,1,1,2,1,-0.88851459,-0.2597149774,-0.6152019025
1633,1,5,#NULL!,4,2,2,2,2,2,3,2,0,1,0,1,1,2,1,-0.7758319106,-0.2234235996,-0.5819828703
1683,1,6,2,5,2,1,1,3,1,4,2,10,6,20,1,1,2,1,-0.6386841861,-0.3653368822,-1.191312573
1681,1,1,#NULL!,2,2,2,2,3,4,2,3,5,2,0,1,1,2,1,0.2495704002,-0.5211123521,-0.2843798751
1513,1,5,#NULL!,4,2,1,2,4,4,4,5,9,10,60,1,1,2,1,1.534897246,-0.7393203905,-0.5420868929
1165,1,6,5,4,3,2,2,2,2,3,3,2,2,0,11,2,2,1,-0.348003459,-0.123414066,-0.495090316
1161,1,1,#NULL!,2,1,5,5,1,5,1,3,6,1,0,1,2,2,1,-0.1229746893,-0.6957592705,1.7538643
1162,1,5,#NULL!,5,4,2,4,2,2,3,4,1,4,30,1,1,2,1,0.0761086516,-0.09948295417,0.4568670968
1012,1,6,5,2,4,3,4,4,4,3,4,12,6,0,1,1,2,1,1.199210954,0.192306974,1.222768109
864,1,6,5,5,5,1,4,2,2,1,2,10,8,0,1,2,2,1,-0.7355668639,-0.1817532907,0.1786183315
861,1,6,3,5,1,4,4,2,3,1,3,30,7,0,1,1,2,1,-0.4480457653,-1.385320627,1.389494249
385,1,6,5,6,3,4,3,4,4,2,1,0,3,0,1,2,2,1,-0.1128196043,0.862764778,0.9047655887
381,1,1,#NULL!,2,2,4,4,2,3,2,2,70,6,0,1,2,2,1,-0.2847657898,-1.67161099,1.717668588
382,1,1,#NULL!,2,4,2,2,1,4,2,1,20,7,0,1,2,2,1,-0.4367515182,-0.01267268054,-0.7094593585
813,1,6,5,6,1,2,5,1,4,4,3,80,9,80,1,1,2,1,0.5525792065,-2.723398786,1.17840928
811,1,5,#NULL!,2,2,1,4,1,2,2,2,20,7,5,1,1,1,1,-1.004483282,-1.35870314,-0.04267793664
41,1,6,1,6,5,4,3,5,5,2,3,4,10,90,1,1,2,1,1.316570422,1.245769984,1.160026327
1193,1,6,7,8,2,1,2,5,2,2,2,20,9,75,1,1,2,1,-0.2248481393,-0.7660095178,-0.1578690038
1195,1,6,2,6,2,1,4,4,5,5,1,40,10,80,3,1,2,1,0.9825053365,-0.6759113877,0.340320826
992,1,5,5,8,3,1,3,3,4,3,4,25,7,15,3,2,2,1,0.9976860866,-0.989480921,-0.03953541525
993,1,6,2,3,1,2,2,2,4,3,3,6,5,50,6,1,2,1,0.1751848755,-0.7834922061,-0.6279367668
373,1,6,7,6,3,1,4,2,2,4,3,100,10,5,1,1,2,1,0.374993798,-2.691156335,0.9000527181
375,1,4,#NULL!,2,4,1,2,3,5,5,3,20,6,0,9,1,2,1,1.486295681,0.114803394,-0.7596659669
5417,1,6,3,8,3,2,3,3,2,3,2,25,6,10,1,2,2,1,-0.3258227537,-0.4360600507,0.2836937569
5417,1,6,5,3,4,3,2,2,1,9,1,5,2,0,9,2,2,1,-0.05405624121,1.785997271,-0.6145135371
1101,1,6,5,4,2,2,5,4,2,1,4,200,6,10,9,1,2,1,0.8089130671,-5.822394661,3.511963391
1105,1,6,2,3,2,3,4,5,2,1,1,4,1,0,1,1,2,1,-0.8846801747,-0.06566989138,1.432063059
533,1,6,4,6,1,4,1,2,4,2,1,0,6,25,1,1,2,1,-0.6799962118,0.1700874022,-0.5200886284
593,1,6,4,6,2,4,3,3,4,2,2,0,2,50,1,1,2,1,-0.1064465237,0.2274035485,0.7543154199
591,1,6,2,4,2,3,2,2,2,1,1,8,3,50,9,1,2,1,-1.427744717,-0.3052774897,-0.09921087814
1213,1,6,2,3,4,1,1,5,4,1,3,10,7,0,3,1,2,1,0.7199293647,-0.08412097438,-0.590931377
473,1,6,3,4,2,2,3,2,2,2,3,25,9,80,1,2,2,1,-0.4799430154,-1.215120281,0.1372147027
474,1,6,2,3,2,1,4,1,1,2,2,6,5,10,1,1,2,1,-1.42802462,-1.071508678,-0.1161180307
1203,1,6,6,9,1,3,5,5,5,5,2,50,9,0,1,1,2,1,1.393775432,-0.9096845968,1.866285235
1204,1,6,4,3,2,2,2,4,2,4,2,30,10,60,6,1,2,1,0.008125700171,-0.4997048446,-0.07500387376
1205,1,6,1,4,3,4,4,4,4,4,4,60,10,40,6,1,2,1,1.528902184,-0.84705385,1.917411025
1202,1,6,3,3,1,1,1,4,4,4,4,80,10,30,1,2,2,1,1.451606199,-2.534308847,-0.3285000259
964,1,6,5,3,2,4,2,5,5,4,2,50,10,0,1,2,2,1,1.295933351,-0.2523552503,0.9201250072
1025,1,6,3,6,3,1,2,1,3,1,1,20,8,40,1,1,2,1,-1.053383908,-0.8075690366,-0.982451474
1022,1,6,3,2,3,2,2,2,3,4,4,10,7,0,1,2,2,1,0.5711222178,-0.2562580477,-0.5482302549
625,1,6,3,3,5,5,5,5,2,1,2,6,4,80,9,1,2,1,-0.2608554558,1.149266763,2.68026096
1423,1,4,#NULL!,3,1,2,2,3,1,1,2,3,1,0,1,1,2,1,-1.399355191,-0.912438331,-0.1763363911
1374,1,6,4,2,2,1,2,3,2,3,1,100,7,30,9,1,2,1,-0.3699061243,-2.577939169,0.1742518334
1375,1,6,1,4,3,5,3,5,4,2,1,1,3,5,1,1,2,1,0.07051949728,1.200457667,1.471980327
641,1,6,2,5,5,1,3,5,2,5,1,3,6,0,1,1,2,1,0.2485364664,1.258157427,-0.04676967886
572,1,6,5,5,3,2,1,2,3,1,3,49,8,3,1,2,2,1,-0.1250703261,-1.45617433,-0.4515511734
1261,1,6,5,4,2,3,1,5,5,1,5,40,8,2,9,1,2,1,1.595501462,-1.300431968,0.4473845685
1262,1,5,5,4,1,1,1,1,2,3,1,2,4,40,11,1,2,1,-1.33384407,-0.6731213442,-1.709077457
781,1,6,4,4,2,1,1,1,1,2,1,10,6,50,1,1,2,1,-1.713540047,-0.7347412913,-1.523923596
782,1,6,5,5,2,1,1,1,1,5,1,15,3,0,1,2,2,1,-1.138723776,-0.3549074788,-1.637974066
703,1,6,4,4,2,2,1,4,5,5,3,70,5,10,1,1,2,1,1.682478875,-1.336033133,-0.1544533772
903,1,6,4,4,3,2,2,3,4,5,4,25,7,0,1,1,2,1,1.36698624,-0.3034782529,-0.2942751911
201,1,6,7,5,2,2,5,1,2,2,2,25,5,25,1,1,2,1,-1.008642016,-1.317874452,0.8501947224
164,1,2,#NULL!,8,1,3,2,2,3,3,1,0,2,0,1,2,2,1,-0.848560545,-0.06065215345,-0.3745611981
773,1,6,4,6,2,2,4,4,2,1,2,20,4,0,1,1,2,1,-0.6576548205,-0.9854239806,1.055334747
661,1,6,5,4,3,1,2,3,5,2,2,20,8,30,1,2,2,1,0.5160546708,-0.5358605165,-0.65821216
662,1,5,#NULL!,5,4,1,4,5,5,2,5,25,10,5,1,2,2,1,1.967691618,-0.8300259361,0.8977300035
665,1,1,#NULL!,3,3,1,3,2,2,2,1,0,4,0,1,1,2,1,-1.135820278,-0.1881540098,-0.4925969771
311,1,6,3,4,2,5,5,5,2,2,1,1,1,0,11,2,2,1,-0.7314768568,0.6183891543,2.480823117
264,1,6,2,4,3,1,9,3,3,2,2,30,10,10,4,1,2,1,-0.1000263348,-1.391635356,2.69428637
265,1,6,2,3,5,1,2,2,2,3,3,10,6,0,3,2,2,1,-0.0618855361,0.1191657988,-0.7851565786
744,1,2,#NULL!,2,2,1,5,1,3,5,1,20,8,0,9,1,2,1,-0.3855674833,-0.6744645823,0.07584803055
745,1,5,5,4,2,1,1,4,3,2,4,15,8,0,11,2,2,1,0.5111006845,-1.021103559,-0.7762145011
282,1,6,3,4,2,2,4,4,2,4,1,6,5,5,1,1,2,1,-0.4478684153,0.0803058512,0.6088549706
284,1,5,#NULL!,4,3,2,3,4,3,1,1,10,5,20,11,2,2,1,-0.5599712433,-0.0936906443,0.3935483446
285,1,1,#NULL!,3,5,3,1,5,1,1,2,20,6,5,1,2,2,1,-0.5025454509,0.5846407272,0.310245073
834,1,6,1,6,3,3,2,2,5,4,2,10,4,10,1,1,2,1,0.6045593228,0.4363367121,-0.3531571424
835,1,6,2,6,5,5,1,5,5,1,1,50,4,1,5,1,2,1,0.6592161361,0.6968019521,1.13518825
831,1,5,5,2,1,1,5,1,2,1,2,20,5,0,4,1,1,1,-1.313082914,-1.959893286,0.500717633
672,1,6,3,5,5,2,2,5,4,2,1,10,6,0,1,2,2,1,0.3780661527,0.9750671958,0.05622028796
674,1,6,5,5,3,4,4,4,5,5,3,10,8,15,3,1,2,1,1.508401536,0.7620337964,1.245814534
675,1,3,#NULL!,9,1,2,3,2,3,3,2,0,7,10,1,2,2,1,-0.4872145826,-0.5478553009,-0.2901607912
21,1,1,#NULL!,5,3,2,1,1,1,1,2,14,3,0,1,1,2,1,-1.512230797,-0.6329866668,-0.9256334625
24,1,6,5,5,2,3,5,2,2,2,2,4,4,0,1,1,2,1,-0.9349421246,-0.4511782096,1.201153159
1322,1,6,6,5,3,5,2,5,1,1,1,50,7,0,9,1,2,1,-0.8937417691,-0.1765833609,1.660931812
1705,1,6,5,5,3,2,5,2,4,4,3,12,6,5,1,1,2,1,0.6110025995,-0.3191287681,0.7590184413
1332,1,1,#NULL!,2,2,2,2,1,4,4,3,55,6,0,1,1,2,1,0.512395223,-1.569437183,-0.3853030452
1334,1,6,5,3,5,2,5,1,1,1,5,20,6,0,1,2,2,1,-0.3264999184,-0.979004314,1.142224777
1491,1,4,#NULL!,3,2,1,2,2,4,2,4,40,7,0,1,2,1,1,0.5801466294,-1.888799703,-0.4939380505
1492,1,1,#NULL!,3,1,2,2,4,1,1,1,15,6,0,1,2,2,1,-1.421481631,-0.8702164662,0.01137641597
1481,1,5,#NULL!,2,2,1,2,2,2,2,2,15,6,0,1,2,2,1,-0.8461974565,-0.9824455777,-0.784289861
1482,1,1,#NULL!,3,3,2,3,2,2,2,2,10,6,0,1,2,2,1,-0.7785508039,-0.3501157343,-0.01092285632
291,1,1,#NULL!,3,5,5,1,5,5,5,4,5,4,0,1,2,2,1,2.142481895,1.923125325,0.551132517
294,1,5,#NULL!,6,3,3,5,4,2,4,3,21,6,0,1,1,2,1,0.3367048711,-0.1491519647,1.700828391
255,1,6,2,6,4,3,4,2,2,3,2,15,6,2,3,1,2,1,-0.4729239089,0.213328843,0.7956297447
681,1,5,5,6,2,2,5,4,3,9,2,20,2,0,11,1,2,1,1.204583003,0.3601562108,0.9226277259
682,1,6,5,6,5,3,2,4,2,1,2,12,4,0,4,2,2,1,-0.4024565367,0.6193358902,0.4678770604
685,1,6,2,6,3,1,2,4,2,5,2,20,6,5,1,1,2,1,0.2377187874,-0.03736743263,-0.5122290211
1275,1,6,2,6,1,2,2,3,4,4,2,25,8,80,6,1,2,1,0.3615534307,-0.7526693496,-0.4043893215
72,1,6,1,3,4,4,5,4,2,4,2,10,5,10,4,2,2,1,0.05931913179,0.8911035749,1.908894005
393,1,6,6,6,3,3,2,9,3,3,5,0,10,65,6,1,2,1,1.993135494,0.6372456189,1.235413879
395,1,5,#NULL!,5,3,1,4,1,4,2,3,20,7,5,1,2,2,1,0.09255993858,-1.140300786,-0.04109080952
455,1,4,#NULL!,5,2,2,4,4,4,2,5,20,9,25,1,2,2,1,1.184119641,-1.265910531,1.000201181
1442,1,1,#NULL!,5,3,3,2,3,4,4,1,25,5,0,5,1,2,1,0.2219883337,0.3351805416,-0.02396141443
1443,1,4,#NULL!,6,5,4,1,5,1,2,5,3,4,2,1,2,2,1,0.5067772443,0.8436671412,0.6249557272
343,1,6,4,3,1,3,2,4,2,2,2,30,7,30,7,1,2,1,-0.5140404232,-0.9481859344,0.4497511594
341,1,6,2,4,3,3,4,2,2,4,2,15,3,1,9,2,2,1,-0.4071300597,0.03313989903,0.7532920913
342,1,6,1,4,3,4,2,2,4,2,4,20,6,0,6,2,2,1,0.5435871896,-0.3054324374,0.3768700639
61,1,6,5,3,2,2,1,5,5,4,5,10,6,0,1,2,2,1,2.02899044,-0.3157742442,-0.4036289401
61,1,1,#NULL!,3,4,3,3,5,5,5,3,100,8,0,1,2,2,1,2.230827762,-1.176091674,1.625217379
332,1,1,#NULL!,3,2,1,2,2,4,1,2,15,4,0,1,1,2,1,-0.3672126789,-1.095864022,-0.7581714317
335,1,5,#NULL!,3,3,1,1,2,2,1,1,4,6,60,1,1,2,1,-1.295767148,-0.2880388041,-1.325831954
124,1,1,#NULL!,2,2,1,5,5,2,1,1,5,4,0,5,2,2,1,-0.8296835662,-0.6593436298,1.15154003
124,1,1,#NULL!,2,4,5,2,2,4,4,1,20,4,0,5,1,2,1,0.07615542087,1.190407914,0.4494511401
124,1,6,6,3,2,1,3,4,1,1,1,16,5,10,1,2,1,1,-1.30807474,-0.9064459044,0.169193649
124,1,6,5,4,1,1,1,3,4,3,2,15,8,0,1,1,2,1,0.1352794905,-0.8623500157,-1.242888946
931,1,1,#NULL!,2,4,2,5,4,4,1,2,10,4,0,1,2,2,1,0.1885090291,-0.07902219215,1.367193113
932,1,1,#NULL!,3,3,2,2,4,4,2,4,20,7,0,1,2,2,1,0.9603753561,-0.60194026,0.07987300962
1361,1,1,#NULL!,3,2,1,1,2,2,2,2,20,6,0,1,2,2,1,-0.8242379445,-1.02588601,-1.188296879
1364,1,6,1,7,4,1,1,1,1,1,2,30,7,20,1,2,2,1,-1.291578524,-0.9173795265,-1.151911606
491,1,1,#NULL!,3,1,2,4,2,2,2,1,70,7,0,1,2,2,1,-1.00508947,-2.357708333,0.96169781
495,1,1,#NULL!,3,2,1,1,3,3,3,3,10,8,0,1,1,2,1,0.1797692874,-0.6381053067,-1.172385664
301,1,1,#NULL!,2,2,1,2,4,2,3,3,50,9,10,1,2,2,1,0.2223846538,-1.618704269,-0.05898320198
302,1,1,#NULL!,2,2,1,2,4,4,4,2,15,6,0,1,1,2,1,0.6066575334,-0.3447978552,-0.5947906929
1611,1,1,#NULL!,3,3,3,4,3,3,5,4,21,6,5,1,2,2,1,0.9870145851,-0.152460215,0.9835661722
1612,1,1,#NULL!,2,2,2,4,5,1,1,1,4,2,0,3,1,2,1,-1.207124877,-0.3536729136,1.107241023
1613,1,6,3,4,3,2,1,2,1,5,1,10,6,0,1,2,2,1,-0.8572639096,0.4845360927,-1.165055257
1614,1,5,#NULL!,7,2,1,3,2,2,5,1,0,6,50,1,2,1,1,-0.6476531267,0.0212516577,-0.7670627553
1615,1,1,#NULL!,2,4,2,4,4,1,4,1,10,1,0,1,1,2,1,-0.5986869345,0.5760233228,0.8031945301
463,1,6,4,6,2,2,4,4,3,4,2,10,10,60,1,1,2,1,0.2610516298,-0.130070491,0.5862116272
464,1,2,#NULL!,7,3,2,2,2,2,4,4,5,7,0,1,2,2,1,0.2048407373,-0.1729674701,-0.5606371989
424,1,6,4,6,2,3,3,2,4,4,2,10,8,40,1,1,2,1,0.1913067666,0.01873423291,0.0544781731
403,1,5,#NULL!,5,4,3,2,4,2,1,3,0,4,0,1,1,2,1,-0.2522314081,0.3896268301,0.3811799624
603,1,6,4,6,2,3,2,2,3,2,2,50,8,0,1,2,2,1,-0.3512295794,-1.267821355,0.2085149372
722,1,5,5,3,1,2,3,4,1,1,1,0,1,5,11,1,2,1,-1.528727014,-0.6220530447,0.3954717923
1232,1,6,3,5,5,2,2,2,2,2,2,15,6,0,5,2,2,1,-0.5515943645,0.2699422781,-0.3726869348
321,1,6,2,4,2,1,1,4,5,3,4,12,9,0,1,2,2,1,1.382973517,-0.6874411344,-0.9795751548
323,1,6,2,3,1,1,2,3,4,3,2,20,7,0,1,1,1,1,0.1518120258,-1.070800239,-0.7154998719
655,1,6,2,4,5,1,2,4,5,3,3,2,8,90,4,1,2,1,1.329292103,0.6561954671,-0.6098159066
651,1,4,#NULL!,4,5,4,5,3,4,4,2,0,9,50,4,1,2,1,0.641392104,1.47081987,1.465212591
1581,1,6,2,4,3,4,4,4,5,5,4,20,6,15,1,1,2,1,1.847367426,0.3114867724,1.448230415
565,1,5,#NULL!,2,5,3,4,4,4,2,1,10,3,0,1,1,2,1,0.152546637,0.9465194,1.161982511
175,1,5,#NULL!,2,2,1,1,2,4,4,4,100,8,5,5,2,2,1,1.247884159,-2.916252212,-0.4773394921
61,1,6,2,3,2,2,4,4,1,1,4,70,6,0,1,2,2,1,-0.137192134,-2.610162606,1.715768603
63,1,6,7,4,3,4,4,4,3,2,3,4,1,0,9,1,2,1,0.1646945146,0.2505419221,1.603025094
65,1,5,#NULL!,3,2,2,2,2,2,2,2,10,5,0,1,1,2,1,-0.8900342351,-0.6111519779,-0.4718747691
983,1,6,7,3,3,2,4,3,3,2,3,0,8,80,9,1,2,1,0.03495320047,-0.2160533988,0.5350152611
106,1,6,5,5,9,2,2,4,2,1,2,25,5,0,5,2,2,1,0.08840691099,1.379815678,0.3248574378
1092,1,6,2,3,2,1,2,1,2,3,1,10,7,0,9,2,2,1,-1.169729883,-0.5915860473,-1.197706093
1093,1,6,7,5,2,1,1,1,5,3,2,20,6,0,5,1,1,1,0.2052568958,-0.8395252034,-1.591595441
1095,1,6,5,4,2,1,2,2,2,2,4,15,5,0,9,2,2,1,-0.2374507995,-1.371897037,-0.6434672804
1301,1,6,2,4,5,1,1,2,3,2,5,30,9,0,1,2,2,1,0.820899789,-0.784745049,-0.9258259714
1304,1,5,#NULL!,6,4,3,4,3,2,2,3,50,7,5,1,1,2,1,0.005079512455,-0.8938962649,1.492966798
1571,1,6,5,3,9,3,3,2,2,9,2,40,4,0,9,2,2,1,1.288647363,2.375717881,0.3062858462
1573,1,6,7,3,1,4,2,2,2,5,4,20,6,0,1,1,2,1,0.2273859925,-0.5209467702,0.1970960521
1574,1,6,5,4,2,4,1,5,1,1,2,5,6,0,9,2,2,1,-0.8923696679,0.2125773152,0.4359136994
504,1,1,#NULL!,2,5,2,1,4,4,1,1,10,8,0,3,2,2,1,0.009186573408,0.7892642576,-0.5707564949
505,1,1,#NULL!,2,2,1,1,2,1,1,1,15,5,0,4,2,2,1,-1.698280434,-0.9348057308,-1.17229612
362,1,6,2,5,2,2,5,2,3,2,1,5,4,15,9,1,2,1,-0.8825575659,-0.5032021339,0.7610780365
1134,1,5,5,6,5,4,3,3,3,3,3,4,6,0,1,2,2,1,0.4075872234,1.102109485,0.820653264
1135,1,6,3,6,2,2,1,4,5,5,2,20,6,75,1,2,2,1,1.150549942,0.08277012382,-0.7641721347
1051,1,6,2,6,2,3,2,2,5,5,2,10,6,20,11,1,2,1,0.7093480246,0.2954541567,-0.4817201403
1701,1,6,5,2,3,1,2,3,3,3,5,20,8,0,1,2,2,1,0.9462903935,-1.0105499,-0.464474184
213,1,6,6,7,5,5,4,5,5,9,2,0,1,0,4,1,2,1,2.249708736,2.868000039,1.505642693
215,1,4,#NULL!,6,2,1,2,1,4,2,1,20,2,0,1,2,2,1,-0.6678509992,-0.9726177025,-1.01371547
352,1,4,#NULL!,4,3,2,1,4,4,1,4,30,7,10,1,2,2,1,0.8137911526,-0.9425394927,-0.1981141254
953,1,6,5,6,2,1,4,2,1,1,2,30,7,10,1,1,2,1,-1.301415161,-1.711645102,0.3854345129
955,1,1,#NULL!,3,2,2,2,2,1,1,1,48,8,0,9,1,2,1,-1.533829465,-1.537952912,-0.06846524325
801,1,1,#NULL!,5,2,2,2,2,2,2,2,30,5,0,1,2,2,1,-0.7974521993,-1.099210733,-0.259600796
803,1,6,7,6,5,2,3,5,4,1,3,25,8,80,5,1,2,1,0.8891430205,-0.01056286494,0.8345400435
805,1,5,5,5,5,3,5,5,2,2,2,0,2,10,9,1,2,1,-0.08675418503,0.9408255686,1.881640483
1532,1,6,5,5,2,4,1,2,1,1,1,30,4,5,1,2,2,1,-1.675319775,-0.5372905089,0.04886997721
1561,1,6,6,4,3,2,4,4,3,4,3,10,4,40,1,2,2,1,0.6250290841,-0.03628402574,0.7725922664
1563,1,6,2,5,1,4,5,4,1,1,1,10,3,0,1,1,2,1,-1.490250659,-0.4932280024,2.077746697
1565,1,6,2,4,5,3,3,4,2,5,1,0,1,90,1,2,2,1,-0.02173258864,1.701384591,0.4957290785
1381,1,6,1,3,2,2,2,1,2,2,2,5,3,0,9,2,2,1,-1.120379984,-0.609815483,-0.6988156481
1043,1,6,5,3,1,1,2,2,3,2,3,15,7,50,1,2,2,1,-0.2894881643,-1.458404502,-0.8015291934
1044,1,6,4,4,2,2,3,3,2,5,3,15,7,75,1,1,2,1,0.224837998,-0.3564254856,0.05507620697
853,1,6,3,9,3,2,3,5,4,3,4,2,5,80,6,1,1,2,1.245931103,0.02311555786,0.5158032167
854,1,6,5,3,3,1,2,4,4,3,4,25,6,1,1,2,2,2,1.180303418,-0.8138123037,-0.2710033346
855,1,3,#NULL!,7,2,4,5,5,1,2,1,0,1,0,1,2,1,2,-1.066349631,0.3469277922,2.162632452
851,1,6,1,6,1,3,5,5,5,5,5,100,10,80,1,1,2,2,2.557847933,-2.69435548,2.565091366
883,1,6,3,9,2,2,2,1,1,1,1,5,4,0,9,2,1,2,-1.955679023,-0.6250273371,-0.6642365334
885,1,3,#NULL!,9,2,1,3,4,5,5,4,0,6,0,4,1,1,2,1.689777827,-0.2250500042,-0.2869560889
882,1,6,1,3,3,2,3,3,3,4,1,0,10,95,4,1,2,2,-0.1838020339,0.6101218178,-0.2260306804
1353,1,5,2,7,3,1,1,2,1,4,1,0,3,0,1,2,1,2,-1.105748765,0.2726973371,-1.494744163
1355,1,6,5,6,2,2,1,2,2,2,2,5,3,5,1,1,2,2,-0.929963682,-0.4262855881,-0.9475286364
871,1,5,#NULL!,7,2,2,1,2,2,2,4,0,5,0,1,2,1,2,-0.3209656224,-0.6701385256,-0.9115097558
872,1,2,#NULL!,7,1,2,2,3,3,4,1,0,3,0,1,2,1,2,-0.444577752,-0.02983131441,-0.6046336499
764,1,5,#NULL!,7,2,2,4,3,2,2,4,2,5,100,1,1,2,2,-0.1165471291,-0.8497115319,0.6893067003
765,1,2,#NULL!,7,1,1,2,3,4,3,3,2,4,0,1,2,1,2,0.3533640958,-0.8459262829,-0.7930224852
414,1,2,#NULL!,7,2,4,4,2,3,3,4,5,5,5,1,2,1,2,0.2147784753,-0.2997273837,1.095649366
792,1,6,6,7,2,2,3,3,2,4,4,3,6,50,1,1,1,2,0.2780733953,-0.4373907126,0.07969703799
793,1,6,5,7,2,2,1,1,3,3,3,2,5,60,6,1,2,2,-0.2767573354,-0.4192367261,-1.274046577
943,1,6,6,6,3,4,4,5,4,9,2,0,2,5,1,2,1,2,1.722267106,1.916498572,1.138577718
1023,1,6,4,9,2,3,1,5,3,5,3,0,8,70,6,2,1,2,0.8742767181,0.6804039483,-0.3112233513
1021,1,6,3,6,5,5,1,2,5,2,1,10,2,0,1,2,2,2,0.07533645127,1.517474103,0.0470914805
915,1,5,1,7,4,1,2,2,4,2,2,10,5,0,5,2,2,2,0.01412693457,-0.1273454994,-0.8591934441
843,1,2,#NULL!,3,3,2,5,4,5,4,4,0,9,0,1,2,1,2,1.613463673,0.05513061556,1.017771104
845,1,2,#NULL!,7,3,1,1,2,5,1,2,0,3,0,1,2,1,2,2.620522292e-07,-0.2886336433,-1.376747434
895,1,6,2,3,5,3,2,2,4,4,3,0,3,20,9,2,2,2,0.7206031039,1.106484055,-0.2973558149
1033,1,6,3,7,1,3,4,5,5,3,1,0,3,0,1,2,2,2,0.4226892592,0.1823757494,1.066109228
1031,1,6,6,7,2,1,1,3,4,5,1,0,99,0,4,1,1,2,0.9531533813,1.091902858,-3.157965761
1032,1,6,6,9,2,5,2,5,1,1,1,0,3,0,1,1,2,2,-1.258891204,0.680369194,1.178105685
1173,1,6,3,7,1,2,1,5,5,5,3,40,7,70,1,1,1,2,1.648307598,-0.8150160285,-0.3201134211
1175,1,3,#NULL!,8,3,1,2,3,3,5,3,0,4,0,1,2,1,2,0.589345297,0.1779421491,-0.8772481735
692,1,6,2,6,4,5,2,4,4,4,2,0,1,0,1,2,2,2,0.651653885,1.673999022,0.7674261765
693,1,6,3,7,2,3,4,3,3,4,2,10,4,5,1,2,1,2,0.009763208663,-0.02505360706,0.8295580333
631,1,6,4,6,1,3,2,4,4,5,5,5,99,95,6,1,1,2,2.273895379,0.4156203426,-1.516948647
632,1,6,6,7,2,1,2,2,4,4,1,0,7,60,3,1,1,2,-0.1464574344,0.009991302823,-1.249755045
633,1,5,#NULL!,7,4,1,2,5,3,2,1,0,99,10,3,2,1,2,0.6243372584,1.322581878,-1.982406543
634,1,6,1,7,3,2,4,4,5,5,5,0,2,0,1,2,2,2,2.05764692,0.06302494866,0.6702484405
635,1,6,5,6,3,1,2,4,3,4,5,10,6,0,1,2,1,2,1.267692958,-0.5021433279,-0.4007098994
1312,1,6,2,6,2,3,5,4,2,4,2,10,9,70,1,1,2,2,-0.1015896144,0.001910052306,1.449432273
1313,1,6,4,7,2,2,2,2,3,3,4,5,8,75,1,1,1,2,0.2615879912,-0.633275415,-0.5667138969
1315,1,6,3,6,2,2,2,2,4,1,4,8,6,70,1,2,2,2,0.2196348781,-1.033770895,-0.3951414322
233,1,6,4,7,3,1,5,4,4,1,1,0,8,80,1,1,1,2,-0.2244650851,-0.2016420238,0.7609271093
234,1,2,#NULL!,6,1,3,3,2,1,1,1,0,4,20,1,2,1,2,-1.901426999,-0.5512402999,0.2752500548
554,1,2,#NULL!,6,2,3,4,1,1,1,1,0,4,0,1,2,1,2,-1.989344837,-0.4030209725,0.545084513
131,1,2,#NULL!,8,2,1,2,2,3,4,3,0,5,0,1,2,1,2,0.1113542804,-0.4260455456,-1.051025846
133,1,6,7,9,4,2,2,2,4,4,1,0,6,100,1,1,1,2,0.03784822335,0.9227686585,-0.8420285194
134,1,2,#NULL!,6,2,4,1,5,5,5,4,0,4,0,1,2,1,2,1.824733294,0.7927521577,0.0864610976
1141,1,6,2,7,3,3,4,4,4,4,2,0,3,0,1,2,1,2,0.5929099544,0.686543465,0.9294885598
1143,1,6,7,7,3,1,5,1,1,1,1,0,4,30,1,1,1,2,-1.859875779,-0.6641263839,0.3268044623
1144,1,2,#NULL!,6,3,1,1,5,5,5,5,0,2,0,2,2,1,2,2.258583527,0.1465631678,-0.8408540874
484,1,2,#NULL!,6,3,1,1,2,4,1,3,5,4,0,3,2,1,2,-0.003918416279,-0.6323062566,-1.238473704
485,1,6,6,7,1,1,2,1,2,1,1,0,5,90,11,1,1,2,-1.717495755,-1.04531667,-1.144571631
543,1,6,7,6,2,4,1,1,4,4,1,0,4,60,1,1,1,2,-0.4013195391,0.7314466536,-0.8187423245
544,1,5,5,8,2,5,2,5,1,1,1,3,3,10,11,2,1,2,-1.245003899,0.6071603807,1.209946781
1693,1,6,4,7,1,1,5,2,5,5,5,0,10,95,1,1,2,2,1.545915455,-1.083208997,0.1821568978
1694,1,5,#NULL!,6,3,4,2,1,1,9,1,0,2,0,1,2,1,2,-0.3841948118,1.728447288,-0.5488275077
1603,1,6,4,9,4,2,1,5,5,5,2,0,9,90,4,1,1,2,1.477964045,1.362866795,-0.777575851
1604,1,2,#NULL!,6,4,4,3,4,4,5,4,4,8,30,1,2,1,2,1.547076234,1.0892557,0.8486286059
1545,1,6,5,9,2,4,3,3,3,4,1,2,5,80,1,1,1,2,-0.3418217449,0.7045407087,0.5567776238
1621,1,5,#NULL!,9,2,4,3,4,1,5,1,1,3,0,1,2,1,2,-0.6650292075,0.9158726186,0.797388295
1622,1,6,6,9,5,1,1,2,5,5,2,0,10,98,5,1,1,2,1.026346881,1.130470191,-1.747025537
1623,1,6,3,7,2,4,3,3,2,4,2,0,8,95,6,1,1,2,-0.3625461947,0.5474112152,0.586265325
1625,1,3,#NULL!,7,3,2,4,1,2,2,2,0,3,5,1,2,1,2,-1.038655035,-0.3132000847,0.183388352
572,1,6,2,7,2,1,5,5,1,1,1,0,3,50,1,1,1,2,-1.203764017,-0.5839143299,1.156378155
574,1,6,6,6,4,4,2,4,4,1,1,2,3,0,11,1,2,2,-0.1939381585,1.04913827,0.5629903344
1635,1,6,2,7,4,1,2,5,2,2,2,0,7,60,1,1,1,2,-0.1280311887,0.3698251267,-0.2934098991
1684,1,5,7,8,1,3,2,1,1,1,1,0,1,50,5,1,1,2,-2.117612207,-0.6012055151,-0.3384527738
1682,1,6,1,7,2,1,2,3,2,2,2,0,4,0,1,1,1,2,-0.7396296255,-0.5271684281,-0.7006426795
1514,1,2,#NULL!,7,3,4,3,4,3,3,2,0,2,0,9,2,1,2,0.0362074918,0.8005284096,0.9515095726
1163,1,3,#NULL!,7,3,5,5,1,3,9,1,0,2,0,1,2,1,2,0.2927428231,1.82731293,1.089314445
1164,1,6,2,7,5,2,1,1,1,9,1,0,2,0,9,1,1,2,-0.1545992832,1.956239612,-1.660137112
823,1,5,#NULL!,7,2,1,1,4,1,1,4,4,7,30,9,1,1,2,-0.4255795733,-1.013124856,-0.7214456286
824,1,6,1,7,3,1,2,1,1,2,1,2,2,50,6,2,1,2,-1.678084282,-0.3177879341,-1.061655928
1013,1,5,#NULL!,7,2,3,2,2,2,3,4,1,3,50,3,2,2,2,-0.1519515393,-0.3565539751,-0.1340432815
1014,1,2,#NULL!,7,4,5,3,2,1,2,1,0,1,0,1,2,1,2,-1.451423893,1.109848023,1.013875314
863,1,5,3,7,3,1,1,1,4,2,2,0,3,0,1,2,1,2,-0.3430487839,-0.2571692816,-1.617399798
865,1,3,#NULL!,7,5,4,2,4,1,1,1,12,5,0,1,1,1,2,-1.058958651,1.036408336,0.7777433012
383,1,4,#NULL!,7,5,2,1,2,3,4,4,3,2,0,5,2,1,2,0.7035345831,0.6173288293,-0.9511333728
384,1,6,2,7,5,1,1,2,5,5,4,0,9,60,6,1,1,2,1.635093538,0.7410187318,-1.606202956
815,1,6,2,8,2,1,1,2,5,3,1,0,5,75,1,1,2,2,-0.01179462537,-0.06357699641,-1.640050578
200029169,1,5,#NULL!,8,2,2,3,4,2,1,2,0,99,10,9,2,1,2,-0.0105206523,0.3280304129,-1.252296283
200029169,1,6,1,8,4,2,2,4,4,4,3,0,8,90,4,1,1,2,1.05319639,0.7668123092,-0.3362160985
200029169,1,3,#NULL!,8,2,2,1,2,5,3,1,0,2,0,3,1,1,2,-0.04808383604,0.1699793592,-1.240076855
43,1,2,#NULL!,5,3,1,2,1,1,1,1,40,6,0,1,2,1,2,-1.662671757,-1.38879857,-0.6543642644
1194,1,2,#NULL!,6,5,2,2,2,1,2,2,10,9,0,1,2,1,2,-0.8944789334,0.3768166888,-0.4368290854
1191,1,2,#NULL!,7,4,2,1,2,3,4,1,0,7,5,1,2,1,2,-0.2986747746,0.9704800814,-1.275687551
991,1,6,6,6,4,3,2,3,3,3,2,12,7,65,5,1,2,2,0.05335403289,0.5952271966,9.353057651e-05
994,1,5,5,5,3,1,3,3,4,2,4,10,6,20,1,2,2,2,0.7287613648,-0.8064422437,-0.108544436
374,1,6,5,7,3,4,5,4,3,1,2,0,4,10,1,2,1,2,-0.3292010222,0.3088142292,1.977073239
122,1,6,2,8,5,1,2,2,4,9,4,0,10,80,1,1,1,2,2.067699432,1.332158088,-1.417516525
122,1,3,#NULL!,7,2,2,3,2,2,5,2,0,7,0,4,2,1,2,-0.3444736415,0.09545803318,-0.3742805522
122,1,4,#NULL!,7,1,1,1,5,5,5,2,0,7,0,11,2,2,2,1.167763011,0.09475638427,-1.154688639
122,1,6,1,7,4,5,1,2,5,9,1,0,4,80,1,2,1,2,1.283969482,2.671485594,-0.6253168449
1103,1,5,#NULL!,7,4,1,1,2,4,4,3,0,99,30,1,2,1,2,1.391404413,1.093711371,-3.127556443
1104,1,6,2,8,3,1,1,2,5,5,2,0,4,99,1,1,1,2,0.7745561305,0.4198040803,-1.685798063
1293,1,5,#NULL!,7,1,1,2,3,1,2,1,2,9,50,10,2,1,2,-1.445283818,-0.7163461579,-0.8078893031
1294,1,6,2,7,3,2,2,4,5,4,2,0,8,90,1,1,1,2,0.9855610839,0.6645822889,-0.4597878737
1295,1,6,5,6,5,5,5,5,5,5,5,20,9,75,10,1,1,2,2.563930076,1.09129553,2.514203455
573,1,5,#NULL!,7,2,1,2,2,4,5,3,15,7,30,4,1,1,2,0.7312139444,-0.5624988339,-1.039923443
574,1,2,#NULL!,7,4,2,1,2,4,4,4,6,6,0,5,2,1,2,0.9892552784,0.2825400157,-1.050055572
534,1,2,#NULL!,7,1,1,1,2,1,1,1,0,5,0,9,2,1,2,-1.870215424,-0.9005108867,-1.35262307
594,1,2,#NULL!,7,2,1,2,9,4,4,1,0,5,0,1,1,1,2,1.179160717,0.728958217,0.2432727579
1212,1,6,1,7,3,1,2,5,2,5,1,4,10,80,1,1,1,2,0.07817852603,0.6802754118,-0.6044547075
1214,1,5,#NULL!,7,3,2,4,2,5,4,4,0,2,0,1,2,2,2,1.174480284,-0.131235349,0.2646860277
472,1,2,#NULL!,6,3,3,3,2,3,4,4,6,5,0,5,2,2,2,0.5253015674,0.004197080182,0.2491191162
475,1,6,4,7,3,2,3,2,4,4,4,0,10,70,1,1,1,2,0.89255008,-0.02849498215,-0.2896884858
471,1,6,2,5,3,1,2,2,2,3,3,0,6,5,9,1,2,2,-0.3131734814,-0.3003032683,-0.9335365051
1201,1,5,#NULL!,3,2,2,2,4,4,2,2,60,6,10,9,2,2,2,0.4186963659,-1.536078089,0.3769670431
963,1,6,3,7,1,2,5,5,5,3,1,0,2,0,1,2,1,2,0.4289685847,-0.1611999734,1.192191293
965,1,3,#NULL!,8,2,3,1,5,5,2,1,0,2,0,9,2,2,2,0.3221415371,0.5668423519,-0.1937993778
961,1,6,5,7,2,5,2,5,1,5,1,1,4,0,1,2,1,2,-0.4797062341,1.36440398,0.8796687541
962,1,6,5,6,3,5,2,2,3,2,2,20,4,0,1,2,2,2,-0.4445846496,0.2788512664,0.6766827556
573,1,6,7,7,5,1,2,1,4,5,3,0,6,60,1,1,1,2,0.7698715392,0.6859759834,-1.326881968
574,1,2,#NULL!,6,5,1,4,3,1,3,1,0,4,0,1,2,1,2,-0.8894818014,0.6381458172,0.1827941573
575,1,6,2,6,2,1,2,2,5,5,5,0,10,90,1,1,1,2,1.644855928,-0.5157370049,-1.167948167
1023,1,6,4,7,2,3,1,5,3,5,3,0,8,70,6,2,1,2,0.8742767181,0.6804039483,-0.3112233513
1021,1,6,3,6,5,5,1,2,5,2,1,10,2,0,1,2,2,2,0.07533645127,1.517474103,0.0470914805
621,1,6,2,4,2,2,2,4,2,3,2,5,99,30,6,1,2,2,0.3948173087,0.6348782035,-1.802206082
622,1,6,4,7,3,4,1,1,1,1,1,0,2,100,1,1,1,2,-1.918894605,0.4058686524,-0.4222918982
623,1,2,#NULL!,6,2,3,3,4,2,3,3,0,2,0,1,2,1,2,-0.08826183065,-0.01788020352,0.6845998916
1424,1,6,2,6,2,4,1,1,3,5,2,0,7,50,1,1,1,2,-0.2210965608,0.7006553961,-0.8409786161
1425,1,2,#NULL!,6,2,1,2,1,2,5,1,0,99,0,11,2,1,2,-0.1151371627,0.725969102,-3.036292198
643,1,6,3,7,2,2,3,4,1,4,1,3,9,75,6,1,1,2,-0.7748818071,0.2248099205,0.09161963668
644,1,6,5,7,5,1,3,5,1,1,1,0,8,20,11,2,1,2,-0.8596457674,0.6077882385,0.2193661973
645,1,3,#NULL!,9,1,5,5,1,2,5,1,0,2,0,1,2,2,2,-1.022146974,0.4245139278,1.379538615
573,1,5,5,8,2,1,1,1,2,3,1,0,4,0,1,2,1,2,-1.24060381,-0.2925662463,-1.709183384
574,1,6,1,8,2,2,4,4,4,4,2,2,6,87.5,1,2,2,2,0.535958905,0.07243201154,0.5296207642
571,1,6,2,8,2,1,2,2,5,4,2,0,5,50,1,2,1,2,0.4893534098,-0.1578022322,-1.1941377
1263,1,5,#NULL!,8,5,2,1,2,2,2,1,0,3,10,4,2,1,2,-0.9538866136,0.8817718587,-0.9990214755
1265,1,6,2,8,2,2,2,2,2,3,1,0,6,90,6,1,1,2,-1.045109872,0.006677879814,-0.7299969706
783,1,5,#NULL!,8,5,5,1,3,2,5,1,0,3,0,1,2,1,2,-0.2258935385,2.283580398,0.03520242616
784,1,6,1,8,2,1,1,1,5,5,5,0,10,30,6,1,1,2,1.452067632,-0.542118387,-1.833386203
33,1,5,#NULL!,7,2,1,1,1,1,1,1,0,5,70,10,2,1,2,-1.95931926,-0.6737173029,-1.539864123
34,1,2,#NULL!,7,2,4,1,1,2,5,1,0,3,0,1,2,1,2,-0.9037012283,0.8212812649,-0.793125547
701,1,6,2,7,3,1,1,2,1,1,1,2,4,0,3,2,1,2,-1.663759264,-0.2936795952,-1.271907664
702,1,6,1,8,3,2,2,3,3,5,2,0,7,90,1,1,1,2,0.2915770958,0.6494612617,-0.6425336198
704,1,2,#NULL!,7,4,5,2,2,1,1,1,0,4,0,5,2,1,2,-1.620902203,1.036862001,0.5780159854
904,1,2,#NULL!,7,1,3,3,4,4,4,3,5,8,40,1,1,1,2,0.7571402055,-0.1718841145,0.4588020127
204,1,6,5,4,4,3,2,4,5,2,4,30,7,0,1,2,1,2,1.43940851,-0.2183561154,0.514708433
205,1,6,2,7,2,3,4,4,4,4,2,3,6,60,1,1,1,2,0.5276957077,0.3051692624,0.8884729791
513,1,5,#NULL!,7,4,1,2,1,3,1,1,0,1,0,1,2,1,2,-1.098060274,-0.0427900029,-1.052888495
514,1,6,2,7,2,4,5,4,2,4,1,2,6,95,3,1,1,2,-0.4831844532,0.6214850009,1.702707651
515,1,5,#NULL!,4,1,1,2,1,2,1,3,50,8,5,1,1,2,2,-0.8460981261,-2.623469907,-0.5420443933
144,1,6,1,9,1,2,5,3,4,5,1,10,8,50,1,1,1,2,0.1790913054,-0.2564088501,0.6728915879
145,1,5,5,9,1,1,4,2,4,4,4,12,8,30,1,2,1,2,0.741582729,-1.336265681,-0.06123990858
774,1,2,#NULL!,9,4,3,2,3,2,1,1,5,4,0,1,2,1,2,-1.037233826,0.5442466845,0.1023084205
664,1,5,#NULL!,9,5,1,1,5,4,2,2,0,6,0,9,2,2,2,0.6517542507,0.8497355503,-0.7934419707
314,1,2,#NULL!,9,1,1,3,5,4,2,2,4,6,0,3,2,1,2,0.2626487969,-0.7320216031,0.07867796744
262,1,5,#NULL!,8,3,3,1,4,4,4,2,0,4,80,1,1,1,2,0.5971509341,0.930127512,-0.4589830443
263,1,2,#NULL!,9,5,5,5,5,5,5,5,0,3,0,1,2,1,2,2.424554217,1.532186619,2.405399895
743,1,2,#NULL!,9,1,1,2,4,4,1,3,3,3,0,1,2,1,2,0.1584180769,-1.123523083,-0.4108984138
283,1,6,4,8,3,2,2,2,4,5,2,0,8,90,4,1,1,2,0.450909739,0.5910910122,-0.9088027615
571,1,6,2,8,1,4,2,5,1,9,1,0,6,2,9,2,1,2,0.2084133385,1.516216508,0.1733993708
573,1,6,4,9,3,2,3,3,3,3,4,0,8,90,1,1,1,2,0.5337292418,-0.1531301218,0.06677711502
574,1,2,#NULL!,6,5,1,2,5,1,5,1,0,3,0,1,1,1,2,-0.1330697191,1.347632552,-0.4432895305
575,1,6,2,4,3,1,2,3,4,4,1,7,7,90,1,1,2,2,0.1800470407,0.2758755994,-0.9459751604
833,1,6,7,9,3,3,2,3,4,3,4,0,8,100,3,1,1,2,0.8627869174,0.2213084346,-0.08272142986
832,1,6,2,9,3,2,3,3,3,3,3,0,3,60,1,1,1,2,0.1864615753,-0.001641419396,0.09121370366
671,1,6,2,9,4,2,4,4,2,4,2,4,5,60,1,2,1,2,0.05614312225,0.6018150806,0.6916592691
673,1,6,3,9,3,2,4,2,2,4,2,3,5,15,1,1,2,2,-0.434189041,0.08455751893,0.2431990534
22,1,5,#NULL!,4,2,1,1,3,2,1,1,0,6,25,3,1,1,2,-1.22517972,-0.4172206369,-1.181045695
25,1,3,#NULL!,9,2,2,2,2,1,2,1,0,4,0,10,2,1,2,-1.595533009,-0.2229128983,-0.5818938933
1321,1,6,3,8,4,4,3,4,2,5,2,0,4,0,11,2,1,2,0.194546374,1.459564299,0.8328996739
1703,1,3,#NULL!,8,5,2,2,5,2,2,2,0,3,0,1,2,2,2,-0.06962090624,0.927269427,0.1449303626
1704,1,6,2,8,2,1,3,2,2,3,1,1,6,50,6,2,1,2,-1.026402474,-0.353439503,-0.6105462764
1333,1,6,3,8,2,1,1,5,1,2,1,0,99,90,6,1,1,2,-0.2681176091,0.6602094668,-2.400401896
1493,1,4,#NULL!,8,2,3,2,3,4,5,4,0,7,0,1,2,2,2,1.135867932,0.2319861575,-0.2325006113
1494,1,6,2,8,1,1,2,4,4,4,2,0,9,90,4,1,1,2,0.4581194545,-0.286919178,-0.8268528494
1495,1,3,#NULL!,9,2,1,5,5,4,5,2,0,6,5,4,1,2,2,0.9240705208,0.06562319198,0.7526414958
1483,1,4,#NULL!,9,2,2,1,2,1,3,1,0,3,30,1,2,1,2,-1.412828752,0.02294419189,-1.094675726
1484,1,6,2,7,4,3,1,3,4,5,2,0,6,90,1,1,1,2,0.7153342645,1.347787763,-0.7536656258
1485,1,3,#NULL!,9,3,3,3,4,1,5,1,0,99,0,1,2,2,2,0.1944336249,1.76956725,-1.195869064
292,1,6,4,8,2,1,2,2,1,5,1,0,8,80,1,1,1,2,-0.9763771542,0.0768243583,-1.217966856
293,1,6,3,6,1,1,2,4,2,5,1,0,6,25,1,2,1,2,-0.3681329896,-0.0220120312,-0.82853469
253,1,6,7,8,3,5,4,5,2,1,1,0,2,65,4,1,1,2,-0.8186837458,0.8858327371,2.089961698
254,1,2,#NULL!,6,2,4,1,1,1,3,1,0,4,0,1,2,1,2,-1.622416678,0.4401302084,-0.6238062863
684,1,2,#NULL!,6,3,4,3,4,1,2,2,5,6,0,3,2,1,2,-0.7874122848,0.4573664977,1.089872279
1271,1,2,#NULL!,9,3,3,4,5,4,3,2,0,99,0,3,2,1,2,1.3415242,1.371037652,-0.4447241404
1273,1,6,7,8,1,2,3,3,2,3,1,3,8,90,1,1,2,2,-0.9253347931,-0.3561762183,-0.08832944713
1274,1,2,#NULL!,4,3,1,3,2,2,2,2,20,6,0,1,2,1,2,-0.7193674869,-0.8512853006,-0.253024386
71,1,6,6,9,4,4,2,3,4,5,2,0,5,0,4,1,1,2,0.6958289918,1.518492417,0.06889347105
73,1,2,#NULL!,6,5,5,4,5,5,4,4,1,6,0,1,2,1,2,1.951432195,1.62559275,1.91836551
74,1,6,2,8,5,5,4,1,1,5,1,0,99,90,5,2,1,2,-0.1999749455,2.5539049,-0.6251611502
391,1,4,#NULL!,8,2,5,2,4,1,1,1,1,8,90,1,1,1,2,-1.406869549,0.5903170063,0.8941315156
451,1,2,#NULL!,6,2,2,3,3,2,3,3,2,3,0,9,1,2,2,-0.2499146564,-0.4209206285,0.1319811803
452,1,6,1,8,2,2,3,3,3,2,1,5,6,15,1,1,2,2,-0.6777293198,-0.2253754272,0.02079939876
1444,1,6,5,9,3,3,3,5,5,5,4,1,99,20,1,2,1,2,2.688027353,1.432631123,-0.9541727715
1445,1,3,#NULL!,9,2,1,1,5,4,4,2,6,1,15,3,1,1,2,0.7164170666,0.0190520911,-0.8528016245
344,1,6,2,8,4,4,2,4,2,4,2,0,3,50,3,2,2,2,-0.00612781799,1.355133166,0.4660206212
345,1,3,#NULL!,9,5,5,1,5,5,5,1,0,3,0,1,1,1,2,1.186718974,2.609664008,0.3299428252
61,1,4,#NULL!,9,3,4,1,1,1,1,1,0,2,0,5,2,1,2,-1.918894605,0.4058686524,-0.4222918982
61,1,6,2,7,3,2,2,2,2,1,1,0,7,95,6,1,1,2,-1.318190886,-0.003999843105,-0.5802177892
61,1,3,#NULL!,9,3,5,5,5,4,2,2,0,2,0,11,1,2,2,0.3687362326,0.8690557237,2.454551477
331,1,6,2,8,3,2,3,3,3,3,1,0,6,80,6,1,1,2,-0.4066871406,0.4035325955,-0.08409901469
333,1,3,#NULL!,8,3,2,2,2,3,2,1,2,99,0,1,2,1,2,-0.05660219744,0.8843000528,-2.25914967
124,1,6,2,9,5,1,1,5,5,9,2,0,8,95,4,1,2,2,2.352312735,2.130190997,-1.379253389
933,1,5,3,8,3,5,2,5,5,2,2,0,7,10,1,2,2,2,0.747309066,1.182808993,0.9564380476
934,1,6,1,8,4,2,2,4,2,4,2,0,8,80,1,1,2,2,0.05865163282,0.8801591776,-0.3166817557
1363,1,5,3,9,4,1,4,2,1,5,1,0,5,100,1,1,1,2,-0.7924051445,0.5595904571,-0.2098376854
492,1,5,#NULL!,9,2,1,2,4,2,2,1,0,3,0,11,2,2,2,-0.8640991109,-0.2392789764,-0.5368238429
493,1,5,#NULL!,8,3,1,2,3,3,2,1,0,7,30,1,1,2,2,-0.5788710924,0.05768382948,-0.8337067214
303,1,5,#NULL!,9,4,2,1,4,4,5,1,0,10,90,1,1,1,2,0.6427519308,1.417843414,-1.02431065
425,1,2,#NULL!,9,3,3,2,2,3,4,2,5,4,0,1,2,1,2,-0.1048581294,0.4809031785,-0.324902537
404,1,6,3,8,3,2,2,2,3,2,2,40,7,0,2,1,1,2,-0.289928805,-0.9570442218,-0.2074940266
1471,1,4,#NULL!,4,4,2,4,4,2,2,4,3,5,0,3,2,1,2,0.284681199,-0.1056603865,0.9505258624
1472,1,6,6,8,2,3,4,4,3,3,1,0,5,80,1,1,1,2,-0.3370885781,0.3474436662,0.9257011357
1474,1,5,#NULL!,8,3,4,1,4,3,5,3,0,5,0,1,2,1,2,0.7488836723,1.140753888,-0.09849068196
723,1,6,6,9,1,2,2,1,1,1,3,6,4,0,1,1,1,2,-1.437002758,-1.362769679,-0.551166793
724,1,5,5,6,3,4,3,5,4,4,5,1,2,0,11,2,1,2,1.69208253,0.5225640604,1.242239123
725,1,2,#NULL!,9,3,2,9,4,4,4,2,0,4,0,1,2,1,2,0.6195312087,0.04439327189,2.849382533
1233,1,6,4,8,5,1,1,5,5,5,1,0,8,100,1,1,1,2,1.277283023,1.620409642,-1.149236584
1234,1,2,#NULL!,6,2,2,2,3,5,5,2,20,6,0,3,2,2,2,0.9601336405,-0.1007597711,-0.5154591465
1235,1,6,2,4,5,4,3,5,5,5,2,10,7,10,1,1,2,2,1.587742981,1.791995949,0.9948007992
183,1,2,#NULL!,4,2,1,2,2,1,1,4,0,7,0,1,2,1,2,-0.8261145814,-1.203998638,-0.7235499585
184,1,6,2,6,2,3,2,1,1,1,2,0,4,0,1,2,2,2,-1.683444018,-0.4366675506,-0.3072777546
185,1,5,4,9,4,3,2,3,2,2,2,0,3,0,4,1,2,2,-0.5682162668,0.6427491162,0.05532236179
322,1,2,#NULL!,6,4,2,4,2,2,9,2,0,4,0,1,2,1,2,0.6050692692,1.357374834,-0.1150324544
324,1,5,#NULL!,8,4,2,4,2,2,9,1,0,4,0,1,2,1,2,0.2967964554,1.548169925,-0.1768212103
325,1,6,4,8,2,1,2,2,1,5,1,0,8,80,1,1,1,2,-0.9763771542,0.0768243583,-1.217966856
654,1,2,#NULL!,6,5,2,2,4,2,5,2,0,4,0,1,2,1,2,0.3216434389,1.355607401,-0.2995314003
1582,1,6,7,8,2,3,1,2,2,3,2,0,6,60,5,1,1,2,-0.7509153539,0.151597234,-0.7770452103
1584,1,2,#NULL!,6,2,3,4,2,4,3,2,0,2,10,1,2,1,2,-0.09228130211,-0.0381224236,0.5818385018
563,1,2,#NULL!,8,3,2,1,4,2,4,2,0,4,0,1,2,1,2,-0.07622870996,0.5955391008,-0.7258984618
564,1,5,#NULL!,8,4,4,2,4,2,1,1,0,1,0,9,2,1,2,-0.9050662463,1.004773367,0.6575761736
561,1,6,2,9,3,1,1,5,5,5,1,0,6,80,4,1,1,2,1.056688155,0.9411886422,-1.156989386
172,1,6,1,9,2,2,1,2,4,1,1,0,1,10,1,1,1,2,-0.7823972271,-0.2268942528,-1.036267456
173,1,6,7,6,1,4,4,4,5,5,4,6,8,80,1,1,1,2,1.593161015,0.005352011811,1.222905556
174,1,5,5,8,3,4,2,5,4,2,1,0,2,8,10,2,2,2,0.06979772708,1.038433395,0.6732976694
62,1,6,3,9,3,4,2,5,5,2,1,0,1,0,9,1,1,2,0.4051347281,1.069296229,0.649881189
982,1,6,5,2,3,2,3,5,3,2,2,50,4,0,1,2,2,2,0.3089581949,-0.9883647734,1.032541249
984,1,6,2,9,4,3,2,1,2,5,1,0,8,98,6,1,1,2,-0.6456311522,1.188371653,-0.728270956
106,1,3,#NULL!,9,1,5,4,2,1,3,1,2,2,0,5,2,1,2,-1.548986889,0.170225613,1.338617354
1094,1,6,2,9,3,2,2,1,3,1,2,2,5,0,3,2,1,2,-0.8647241375,-0.3255548922,-0.7117355711
1303,1,1,#NULL!,8,1,3,2,5,2,2,1,0,1,0,11,2,2,2,-0.8163778149,0.03248526166,0.3813843808
1305,1,2,#NULL!,9,2,2,1,2,1,1,1,2,4,0,1,2,1,2,-1.779150027,-0.3682886289,-0.9447906175
1654,1,2,#NULL!,8,4,2,3,5,5,5,2,1,3,50,1,2,1,2,1.438171317,1.134147679,0.2506592845
1655,1,6,4,6,1,2,1,2,2,2,1,3,8,90,9,1,1,2,-1.31099831,-0.4791274555,-1.137891604
924,1,2,#NULL!,9,2,2,5,4,1,1,1,3,9,50,10,2,1,2,-1.347577487,-0.4577709268,1.224624831
925,1,5,#NULL!,9,5,1,5,5,1,1,5,5,10,0,1,2,1,2,0.4145609316,-0.4188327713,1.3992506
573,1,5,2,8,5,2,2,4,4,4,1,0,4,70,11,2,2,2,0.5079533438,1.448706602,-0.3696918646
574,1,6,1,8,3,3,4,5,5,5,2,1,9,95,1,1,2,2,1.370760374,1.028132055,0.9313814291
575,1,6,5,6,5,2,2,2,2,5,2,10,8,75,1,1,2,2,0.01592574112,0.9331118568,-0.6790997363
571,1,6,2,6,4,1,1,3,2,4,1,0,5,90,1,2,2,2,-0.4529140893,0.7638488646,-1.340411856
572,1,6,2,6,2,4,1,2,2,3,1,0,4,85,1,1,1,2,-1.087678408,0.5838099582,-0.4561053121
1575,1,6,2,7,2,1,3,3,2,4,2,30,8,40,9,2,1,2,-0.1849962438,-0.9560974837,-0.140039264
501,1,6,3,8,1,3,2,2,1,4,1,6,5,5,1,2,2,2,-1.291971741,-0.08579005791,-0.3542425043
502,1,6,5,8,1,1,2,2,1,5,1,1,3,20,4,2,2,2,-1.113241369,-0.3186341903,-1.142249282
361,1,6,4,5,3,3,2,4,5,5,1,0,10,99,1,1,2,2,0.8716831366,1.303384235,-0.2807796413
363,1,6,7,8,1,1,1,5,2,5,2,0,3,2,11,1,1,2,0.1071592145,-0.05286106026,-0.9637237157
364,1,6,2,9,2,9,3,4,4,5,5,0,10,70,6,2,1,2,1.582972159,1.633997414,2.53242207
1133,1,6,4,9,1,2,2,2,1,1,1,2,8,90,4,2,1,2,-1.849266611,-0.7471669969,-0.5778168514
1132,1,6,1,5,3,4,4,5,1,2,2,12,8,0,1,2,2,2,-0.5466223353,0.3286498708,1.795116067
1702,1,6,3,9,3,1,1,1,4,3,3,0,4,0,1,2,1,2,0.1647122249,-0.2649589833,-1.645807501
214,1,6,5,9,3,2,4,2,1,5,1,0,3,0,1,2,1,2,-0.9233938483,0.469258868,0.1517694986
113,1,2,#NULL!,9,3,3,2,3,3,4,3,0,4,0,1,2,1,2,0.3718714744,0.5170784149,-0.1078197509
114,1,5,#NULL!,8,3,4,1,2,3,2,2,0,4,10,1,2,1,2,-0.5254603833,0.5883440894,-0.3409052455
351,1,6,5,9,5,5,4,4,4,4,1,0,7,0,5,2,1,2,0.4950453521,2.086562489,1.537439501
354,1,5,#NULL!,9,5,3,2,2,4,4,2,0,3,0,3,2,1,2,0.4123302901,1.297279146,-0.3591445707
951,1,5,5,6,3,4,2,2,1,1,1,7,3,15,1,2,2,2,-1.685903626,0.2692907478,0.3001969587
804,1,5,5,9,1,1,3,5,2,1,5,0,3,0,1,2,2,2,0.2675927518,-1.482971292,0.4275991358
1533,1,6,3,9,2,1,1,2,3,2,3,0,9,80,1,1,1,2,-0.2420142833,-0.6663144014,-1.431178853
1562,1,6,5,9,2,3,3,4,4,4,4,5,3,50,1,1,1,2,1.12891663,-0.07023637155,0.627937583
1382,1,6,7,6,3,3,2,4,4,4,2,10,7,50,6,1,1,2,0.6680248606,0.631107711,0.0524942473
1383,1,2,#NULL!,6,4,2,2,3,2,1,2,2,2,0,5,2,2,2,-0.7455539592,0.1537976628,-0.1814922981
1045,1,2,#NULL!,9,5,3,3,4,3,3,2,0,5,0,1,2,1,2,0.2774936299,1.230470499,0.5937787897
53,1,3,#NULL!,9,4,5,4,1,1,1,1,0,2,0,1,1,1,2,-1.825730449,0.7590352941,1.318294623
54,1,6,5,9,3,5,1,4,2,2,1,0,3,0,1,2,1,2,-0.8143558404,1.199605257,0.4201761802
55,1,4,#NULL!,4,3,4,3,2,3,2,1,2,3,0,1,2,1,2,-0.8299019701,0.5653235142,0.5499294883
1354,1,6,1,8,4,4,1,5,1,3,1,3,4,5,1,2,1,3,-0.63712325,1.450242394,0.2837278437
913,1,6,2,8,3,2,5,4,4,4,3,25,7,30,1,2,1,3,1.062184491,-0.4185944043,1.296476502
695,1,3,#NULL!,8,3,4,2,2,1,2,2,3,1,0,1,2,2,3,-1.220055936,0.3355289641,0.2810696676
45,1,2,#NULL!,8,1,1,2,5,5,5,5,1,5,0,1,2,2,3,2.08279861,-0.596328638,-0.4671430237
575,1,6,5,8,4,4,2,2,4,5,2,0,8,95,1,2,2,3,0.5276236045,1.437120612,-0.1912042592
313,1,5,2,8,4,4,2,3,2,1,2,0,2,2,1,1,2,3,-0.7805967609,0.7168839157,0.493757337
742,1,6,2,8,3,3,2,2,1,2,1,0,3,0,9,1,2,3,-1.513725815,0.358115235,-0.1952888382
23,1,6,3,8,2,1,1,5,2,5,4,0,5,1,3,2,2,3,0.8418012469,-0.08697946428,-0.8535148719
604,1,2,#NULL!,8,4,4,2,4,2,3,2,0,3,0,9,2,2,3,-0.1978170425,1.179989055,0.5389720114
721,1,6,2,9,2,3,2,4,1,1,1,35,6,90,5,2,1,3,-1.239293431,-0.7693858104,0.5930103753
653,1,6,7,9,2,5,4,1,1,4,3,30,8,30,1,1,1,3,-0.6534471987,-0.4455414646,1.395715571
985,1,6,5,6,1,2,2,3,5,5,5,35,8,60,1,2,2,3,1.867488086,-1.355215777,-0.2264990069
106,1,6,3,9,5,4,4,2,4,4,4,20,4,0,5,2,1,3,1.118736619,0.535483162,1.221851385
1053,1,5,#NULL!,9,2,2,2,3,3,2,4,0,2,0,11,2,2,3,0.1915617334,-0.6286168654,-0.2349980632
1703,1,3,#NULL!,8,3,1,3,3,1,3,1,0,3,0,5,2,2,3,-1.103463696,0.04536035125,-0.2992792255
1704,1,6,2,9,1,1,5,1,2,1,1,8,3,0,2,2,1,3,-1.692502891,-1.491985497,0.3460546311
952,1,6,2,9,4,1,2,5,2,4,4,20,7,50,1,1,2,3,0.9644749236,-0.1495355873,-0.1034611947
553,1,6,6,9,3,2,1,4,5,3,1,0,6,0,1,1,1,4,0.4688151076,0.7430849694,-0.8712106133
1695,1,2,#NULL!,8,5,2,2,2,1,9,1,0,2,0,11,2,2,4,0.03818901261,1.982620994,-0.9946990766
1335,1,3,#NULL!,9,5,3,3,4,1,4,1,0,2,0,5,2,2,4,-0.5487588142,1.495377646,0.5920969491
353,1,3,#NULL!,9,5,5,2,2,2,2,1,0,1,0,9,2,2,4,-1.006975455,1.558895613,0.5372597226
1535,1,3,#NULL!,9,3,2,1,2,3,3,2,0,3,0,1,2,1,4,-0.3157855312,0.2413465458,-1.093088599